mysql> select count(address) from address_book where city = 'Pasighat';
+----------------+
| count(address) |
+----------------+
|              2 |
+----------------+
1 row in set (0.00 sec)

mysql> select count(address) from address_book where state = 'Assam';
+----------------+
| count(address) |
+----------------+
|              1 |
+----------------+
1 row in set (0.00 sec)

mysql>